2025-07-05_18-05-01,None,main.go:2025-07-05_18-05-01
2025-07-05_18-05-04,None,main.go:2025-07-05_18-05-01
2025-07-05_18-05-04,None,main.go:2025-07-05_18-05-01
2025-07-05_18-05-07,None,main.go:2025-07-05_18-05-01
2025-07-05_18-06-00,None,main.go:2025-07-05_18-06-00
2025-07-05_18-06-01,None,main.go:2025-07-05_18-06-00
2025-07-05_18-06-05,None,main.go:2025-07-05_18-06-00
2025-07-05_18-07-18,None,main.go:2025-07-05_18-07-18
2025-07-05_18-07-19,None,main.go:2025-07-05_18-07-18
2025-07-05_18-07-21,None,main.go:2025-07-05_18-07-18
2025-07-05_18-08-04,None,main.go:2025-07-05_18-08-04
2025-07-05_18-08-04,None,main.go:2025-07-05_18-08-04
2025-07-05_18-08-06,None,main.go:2025-07-05_18-08-06
2025-07-05_18-08-35,None,main.go:2025-07-05_18-08-35
2025-07-05_18-08-36,None,main.go:2025-07-05_18-08-35
2025-07-05_18-08-43,None,main.go:2025-07-05_18-08-43
2025-07-05_18-08-44,None,main.go:2025-07-05_18-08-43
2025-07-05_18-09-17,None,main.go:2025-07-05_18-09-17
2025-07-05_18-09-19,None,main.go:2025-07-05_18-09-17
2025-07-05_18-09-36,None,main.go:2025-07-05_18-09-36
2025-07-05_18-09-37,None,main.go:2025-07-05_18-09-36
2025-07-05_18-10-04,None,main.go:2025-07-05_18-10-04
2025-07-05_18-10-05,None,main.go:2025-07-05_18-10-04
2025-07-05_18-10-29,None,main.go:2025-07-05_18-10-29
2025-07-05_18-10-31,None,main.go:2025-07-05_18-10-29
2025-07-05_18-13-38,None,main.go:2025-07-05_18-13-38
2025-07-05_18-14-31,None,main.go:2025-07-05_18-14-31
2025-07-05_18-15-33,None,main.go:2025-07-05_18-15-33
2025-07-05_18-15-35,None,main.go:2025-07-05_18-15-33
2025-07-05_18-16-01,None,main.go:2025-07-05_18-16-01
2025-07-05_18-16-02,None,main.go:2025-07-05_18-16-01
2025-07-05_18-31-58,None,main.go:2025-07-05_18-16-01
2025-07-05_18-32-00,None,main.go:2025-07-05_18-16-01
