2025-05-05_17-07-31,000%,draft.go:2025-05-05_17-07-31
2025-05-05_17-07-35,000%,draft.go:2025-05-05_17-07-31
2025-05-05_17-08-16,000%,draft.go:2025-05-05_17-08-16
2025-05-05_17-09-20,000%,draft.go:2025-05-05_17-09-20
2025-05-05_17-10-19,000%,draft.go:2025-05-05_17-10-19
2025-05-05_17-11-05,000%,draft.go:2025-05-05_17-11-05
2025-05-05_17-11-48,000%,draft.go:2025-05-05_17-11-48
2025-05-05_17-14-12,000%,draft.go:2025-05-05_17-14-12
2025-05-05_17-14-21,000%,draft.go:2025-05-05_17-14-21
2025-05-05_17-14-31,000%,draft.go:2025-05-05_17-14-31
2025-05-05_17-14-41,000%,draft.go:2025-05-05_17-14-41
2025-05-05_17-14-50,000%,draft.go:2025-05-05_17-14-50
2025-05-05_17-15-27,000%,draft.go:2025-05-05_17-15-27
2025-05-05_17-15-57,000%,draft.go:2025-05-05_17-15-57
2025-05-05_17-16-19,000%,draft.go:2025-05-05_17-16-19
2025-05-05_17-16-28,000%,draft.go:2025-05-05_17-16-28
2025-05-05_17-16-56,000%,draft.go:2025-05-05_17-16-56
2025-05-05_17-17-22,000%,draft.go:2025-05-05_17-17-22
2025-05-05_17-17-32,000%,draft.go:2025-05-05_17-17-32
2025-05-05_17-17-39,000%,draft.go:2025-05-05_17-17-39
2025-05-05_17-17-53,000%,draft.go:2025-05-05_17-17-53
2025-05-05_17-18-56,000%,draft.go:2025-05-05_17-17-53
2025-05-05_17-20-40,080%,draft.go:2025-05-05_17-20-40
2025-05-06_11-36-27,000%,draft.go:2025-05-06_11-36-27
2025-05-06_11-36-31,080%,draft.go:2025-05-06_11-36-27
2025-06-18_10-48-58,000%,draft.go:2025-05-06_11-36-27
2025-06-18_10-49-05,080%,draft.go:2025-05-06_11-36-27
