2025-07-08_12-03-23,None,main.go:2025-07-08_12-03-23;queue.go:2025-07-08_12-03-23
2025-07-08_12-03-26,None,main.go:2025-07-08_12-03-23;queue.go:2025-07-08_12-03-23
2025-07-08_12-04-41,None,main.go:2025-07-08_12-04-41;queue.go:2025-07-08_12-03-23
2025-07-08_12-04-44,None,main.go:2025-07-08_12-04-41;queue.go:2025-07-08_12-03-23
2025-07-08_12-09-07,None,main.go:2025-07-08_12-09-07;queue.go:2025-07-08_12-03-23
2025-07-08_12-09-10,None,main.go:2025-07-08_12-09-07;queue.go:2025-07-08_12-03-23
2025-07-08_12-15-58,None,main.go:2025-07-08_12-15-58;queue.go:2025-07-08_12-03-23
2025-07-08_12-16-01,None,main.go:2025-07-08_12-15-58;queue.go:2025-07-08_12-03-23
2025-07-08_12-17-03,None,main.go:2025-07-08_12-17-03;queue.go:2025-07-08_12-03-23
2025-07-08_12-17-06,None,main.go:2025-07-08_12-17-03;queue.go:2025-07-08_12-03-23
