2025-06-11_18-57-20,000%,main.go:2025-06-11_18-57-20;queue.go:2025-06-11_18-57-20
2025-06-11_18-57-22,000%,main.go:2025-06-11_18-57-20;queue.go:2025-06-11_18-57-20
2025-06-11_18-57-53,000%,main.go:2025-06-11_18-57-53;queue.go:2025-06-11_18-57-20
2025-06-11_18-58-00,000%,main.go:2025-06-11_18-57-53;queue.go:2025-06-11_18-57-20
2025-06-11_19-28-55,000%,main.go:2025-06-11_19-28-55;queue.go:2025-06-11_18-57-20
2025-06-11_19-29-02,000%,main.go:2025-06-11_19-28-55;queue.go:2025-06-11_18-57-20
2025-06-11_19-29-50,000%,main.go:2025-06-11_19-29-50;queue.go:2025-06-11_18-57-20
2025-06-11_19-29-56,000%,main.go:2025-06-11_19-29-50;queue.go:2025-06-11_18-57-20
2025-06-14_17-30-12,000%,main.go:2025-06-11_19-29-50;queue.go:2025-06-11_18-57-20
2025-06-14_17-30-17,000%,main.go:2025-06-11_19-29-50;queue.go:2025-06-11_18-57-20
2025-06-14_17-31-00,000%,main.go:2025-06-14_17-31-00;queue.go:2025-06-11_18-57-20
2025-06-14_17-31-05,100%,main.go:2025-06-14_17-31-00;queue.go:2025-06-11_18-57-20
