2025-04-26_15-18-26,000%,draft.go:2025-04-26_15-18-26
2025-04-26_15-18-30,000%,draft.go:2025-04-26_15-18-26
2025-04-26_15-18-45,000%,draft.go:2025-04-26_15-18-45
2025-04-26_15-18-57,020%,draft.go:2025-04-26_15-18-57
2025-04-26_15-18-58,020%,draft.go:2025-04-26_15-18-57
2025-04-26_15-19-45,020%,draft.go:2025-04-26_15-19-45
2025-04-26_15-20-12,020%,draft.go:2025-04-26_15-20-12
2025-04-26_15-24-24,020%,draft.go:2025-04-26_15-24-24
2025-04-26_15-29-07,020%,draft.go:2025-04-26_15-29-07
2025-04-26_15-30-01,020%,draft.go:2025-04-26_15-30-01
2025-04-26_15-30-28,000%,draft.go:2025-04-26_15-30-28
2025-04-26_15-31-12,000%,draft.go:2025-04-26_15-31-12
2025-04-26_15-32-08,100%,draft.go:2025-04-26_15-32-08
