2025-04-29_08-34-05,000%,main.go:2025-04-29_08-34-05
2025-04-29_08-34-12,000%,main.go:2025-04-29_08-34-05
2025-04-29_08-35-28,000%,main.go:2025-04-29_08-35-28
2025-04-29_08-35-34,000%,main.go:2025-04-29_08-35-28
2025-04-29_08-36-03,000%,main.go:2025-04-29_08-36-03
2025-04-29_08-36-10,000%,main.go:2025-04-29_08-36-03
2025-04-29_08-37-56,000%,main.go:2025-04-29_08-37-56
2025-04-29_08-37-59,000%,main.go:2025-04-29_08-37-56
2025-04-29_08-38-18,000%,main.go:2025-04-29_08-38-18
2025-04-29_08-38-26,000%,main.go:2025-04-29_08-38-18
2025-04-29_08-39-51,000%,main.go:2025-04-29_08-39-51
2025-04-29_08-39-55,000%,main.go:2025-04-29_08-39-51
2025-04-29_08-40-05,000%,main.go:2025-04-29_08-40-05
2025-04-29_08-40-10,100%,main.go:2025-04-29_08-40-05
