2025-05-14_11-26-53,020%,main.go:2025-05-14_11-26-53
2025-05-14_11-30-57,080%,main.go:2025-05-14_11-30-57
2025-05-14_11-31-28,080%,main.go:2025-05-14_11-31-28
2025-05-14_11-31-51,030%,main.go:2025-05-14_11-31-51
2025-05-14_11-32-16,080%,main.go:2025-05-14_11-32-16
2025-05-14_11-33-06,020%,main.go:2025-05-14_11-33-06
2025-05-14_11-33-56,080%,main.go:2025-05-14_11-33-56
2025-05-14_11-34-33,020%,main.go:2025-05-14_11-34-33
2025-05-14_11-34-48,080%,main.go:2025-05-14_11-34-48
2025-05-14_11-35-14,070%,main.go:2025-05-14_11-35-14
2025-05-14_11-36-07,080%,main.go:2025-05-14_11-36-07
2025-05-14_11-38-26,080%,main.go:2025-05-14_11-38-26
2025-05-14_11-40-40,080%,main.go:2025-05-14_11-40-40
2025-05-14_11-40-50,080%,main.go:2025-05-14_11-40-50
2025-05-14_11-41-25,100%,main.go:2025-05-14_11-41-25
