2025-04-21_18-04-02,000%,main.go:2025-04-21_18-04-02
2025-04-21_18-04-34,016%,main.go:2025-04-21_18-04-34
2025-04-21_18-18-03,000%,main.go:2025-04-21_18-18-03
2025-04-21_18-18-06,033%,main.go:2025-04-21_18-18-03
2025-04-21_18-24-47,033%,main.go:2025-04-21_18-24-47
2025-04-21_19-11-47,050%,main.go:2025-04-21_19-11-47
2025-04-21_19-21-13,066%,main.go:2025-04-21_19-21-13
2025-04-21_19-21-45,066%,main.go:2025-04-21_19-21-45
2025-04-21_19-23-13,083%,main.go:2025-04-21_19-23-13
2025-04-21_19-26-43,083%,main.go:2025-04-21_19-23-13
2025-04-21_19-27-07,083%,main.go:2025-04-21_19-23-13
