2025-04-09_17-38-28,000%,draft.go:2025-04-09_17-38-28
2025-04-09_17-44-56,000%,draft.go:2025-04-09_17-44-56
2025-04-09_17-45-12,000%,draft.go:2025-04-09_17-45-12
2025-04-09_17-46-22,000%,draft.go:2025-04-09_17-46-22
2025-04-09_17-52-27,000%,draft.go:2025-04-09_17-52-27
2025-04-09_17-54-44,000%,draft.go:2025-04-09_17-54-44
2025-04-09_17-54-45,000%,draft.go:2025-04-09_17-54-44
2025-04-09_17-54-47,000%,draft.go:2025-04-09_17-54-44
2025-04-09_18-01-27,100%,draft.go:2025-04-09_18-01-27
2025-04-10_22-08-35,100%,draft.go:2025-04-09_18-01-27
2025-04-10_22-50-58,100%,draft.go:2025-04-10_22-50-58
